-- Sequences
CREATE SEQUENCE IF NOT EXISTS users_seq START WITH 1 INCREMENT BY 5;
CREATE SEQUENCE IF NOT EXISTS roles_seq START WITH 1 INCREMENT BY 5;
CREATE SEQUENCE IF NOT EXISTS users_roles_seq START WITH 1 INCREMENT BY 10;
CREATE SEQUENCE IF NOT EXISTS skill_categories_seq START WITH 1 INCREMENT BY 10;
CREATE SEQUENCE IF NOT EXISTS skills_seq START WITH 1 INCREMENT BY 10;
CREATE SEQUENCE IF NOT EXISTS users_skills_seq START WITH 1 INCREMENT BY 10;
CREATE SEQUENCE IF NOT EXISTS teams_seq START WITH 1 INCREMENT BY 10;
CREATE SEQUENCE IF NOT EXISTS team_members_seq START WITH 1 INCREMENT BY 10;
CREATE SEQUENCE IF NOT EXISTS tasks_seq START WITH 1 INCREMENT BY 10;
CREATE SEQUENCE IF NOT EXISTS evaluations_seq START WITH 1 INCREMENT BY 25;
CREATE SEQUENCE IF NOT EXISTS task_evaluated_skills_seq START WITH 1 INCREMENT BY 1;

-- Custom Types
DO $$
BEGIN
    IF NOT EXISTS (SELECT 1 FROM pg_type WHERE typname = 'task_status') THEN
        CREATE TYPE task_status AS ENUM ('UNAVAILABLE', 'IN_WAITING', 'RATED', 'CANCELLED');
    END IF;
    IF NOT EXISTS (SELECT 1 FROM pg_type WHERE typname = 'education') THEN
        CREATE TYPE education AS ENUM ('BACCALAUREATE', 'MAGISTRATE', 'POSTGRADUATE', 'SPECIALTY');
    END IF;
END
$$;

-- Base Tables
CREATE TABLE IF NOT EXISTS users (
    id BIGINT PRIMARY KEY DEFAULT nextval('users_seq'),
    username VARCHAR(255) NOT NULL UNIQUE,
    password_hash VARCHAR NOT NULL
);

CREATE TABLE IF NOT EXISTS skill_categories (
    id BIGINT PRIMARY KEY DEFAULT nextval('skill_categories_seq'),
    name VARCHAR(255) NOT NULL UNIQUE,
    color VARCHAR(7) NOT NULL DEFAULT '#ECEFF1'
);

CREATE TABLE IF NOT EXISTS users_info (
    id BIGINT PRIMARY KEY,
    main_skill_category_id BIGINT,
    email VARCHAR(255) NOT NULL,
    first_name VARCHAR(255) NOT NULL,
    middle_name VARCHAR(255),
    last_name VARCHAR(255) NOT NULL,
    course_number SMALLINT,
    education EDUCATION,
    FOREIGN KEY (id) REFERENCES users (id) ON DELETE CASCADE,
    FOREIGN KEY (main_skill_category_id) REFERENCES skill_categories (id) ON DELETE CASCADE
);

CREATE TABLE IF NOT EXISTS roles (
    id BIGINT PRIMARY KEY DEFAULT nextval('roles_seq'),
    name VARCHAR(255) NOT NULL UNIQUE
);

CREATE TABLE IF NOT EXISTS users_roles (
    id BIGINT PRIMARY KEY DEFAULT nextval('users_roles_seq'),
    user_id BIGINT NOT NULL,
    role_id BIGINT NOT NULL,
    FOREIGN KEY (user_id) REFERENCES users (id) ON DELETE CASCADE,
    FOREIGN KEY (role_id) REFERENCES roles (id) ON DELETE CASCADE
);

CREATE TABLE IF NOT EXISTS skills (
    id BIGINT PRIMARY KEY DEFAULT nextval('skills_seq'),
    skill_category_id BIGINT NOT NULL,
    name VARCHAR(255) NOT NULL UNIQUE,
    is_necessary BOOLEAN NOT NULL DEFAULT FALSE,
    FOREIGN KEY (skill_category_id) REFERENCES skill_categories (id) ON DELETE CASCADE
);

CREATE TABLE IF NOT EXISTS users_skills (
    id BIGINT PRIMARY KEY DEFAULT nextval('users_skills_seq'),
    user_id BIGINT NOT NULL,
    skill_id BIGINT NOT NULL,
    rating SMALLINT NOT NULL,
    FOREIGN KEY (user_id) REFERENCES users (id) ON DELETE CASCADE,
    FOREIGN KEY (skill_id) REFERENCES skills (id) ON DELETE CASCADE
);

CREATE TABLE IF NOT EXISTS teams (
    id BIGINT PRIMARY KEY DEFAULT nextval('teams_seq'),
    name VARCHAR(255) NOT NULL UNIQUE
);

CREATE TABLE IF NOT EXISTS team_members (
    id BIGINT PRIMARY KEY DEFAULT nextval('team_members_seq'),
    team_id BIGINT NOT NULL,
    user_id BIGINT NOT NULL,
    skill_category_id BIGINT NOT NULL,
    FOREIGN KEY (team_id) REFERENCES teams (id) ON DELETE CASCADE,
    FOREIGN KEY (user_id) REFERENCES users (id) ON DELETE CASCADE,
    FOREIGN KEY (skill_category_id) REFERENCES skill_categories (id) ON DELETE CASCADE
);

CREATE TABLE IF NOT EXISTS tasks (
    id BIGINT PRIMARY KEY DEFAULT nextval('tasks_seq'),
    evaluator_member_id BIGINT NOT NULL,
    assignee_member_id BIGINT NOT NULL,
    lead_member_id BIGINT NOT NULL,
    title VARCHAR(255) NOT NULL,
    description VARCHAR(255) NOT NULL,
    deadline_completion DATE NOT NULL,
    status TASK_STATUS NOT NULL,
    FOREIGN KEY (evaluator_member_id) REFERENCES team_members (id) ON DELETE CASCADE,
    FOREIGN KEY (assignee_member_id) REFERENCES team_members (id) ON DELETE CASCADE,
    FOREIGN KEY (lead_member_id) REFERENCES team_members (id) ON DELETE CASCADE
);

CREATE TABLE IF NOT EXISTS evaluations (
    id BIGINT PRIMARY KEY DEFAULT nextval('evaluations_seq'),
    task_id BIGINT NOT NULL,
    user_skill_id BIGINT NOT NULL,
    evaluation SMALLINT NOT NULL,
    feedback TEXT,
    FOREIGN KEY (task_id) REFERENCES tasks (id) ON DELETE CASCADE,
    FOREIGN KEY (user_skill_id) REFERENCES users_skills (id) ON DELETE CASCADE
);

CREATE TABLE IF NOT EXISTS task_evaluated_skills (
    id BIGINT PRIMARY KEY DEFAULT nextval('task_evaluated_skills_seq'),
    task_id BIGINT NOT NULL,
    user_skill_id BIGINT NOT NULL,
    FOREIGN KEY (task_id) REFERENCES tasks (id) ON DELETE CASCADE,
    FOREIGN KEY (user_skill_id) REFERENCES users_skills (id) ON DELETE CASCADE,
    UNIQUE (task_id, user_skill_id)
);


-- Insert base info

INSERT INTO users (id, username, password_hash)
VALUES
    (1, 'Kuzmina_Anastasiya', '$2a$10$f831X/mZRGsls3MiVPvtnOh6kgb6.WQNWpg5UEvLHyfh8V83Wpns.'),
    (2, 'Novikov_Evgeniy', '$2a$10$f831X/mZRGsls3MiVPvtnOh6kgb6.WQNWpg5UEvLHyfh8V83Wpns.'),
    (3, 'Popov_Lev', '$2a$10$f831X/mZRGsls3MiVPvtnOh6kgb6.WQNWpg5UEvLHyfh8V83Wpns.'),
    (4, 'Nazarov_Aleksandr', '$2a$10$f831X/mZRGsls3MiVPvtnOh6kgb6.WQNWpg5UEvLHyfh8V83Wpns.'),
    (5, 'Filatova_Aleksandra', '$2a$10$f831X/mZRGsls3MiVPvtnOh6kgb6.WQNWpg5UEvLHyfh8V83Wpns.'),
    (6, 'Vorobyeva_Miroslava', '$2a$10$f831X/mZRGsls3MiVPvtnOh6kgb6.WQNWpg5UEvLHyfh8V83Wpns.'),
    (7, 'Lapin_Maksim', '$2a$10$f831X/mZRGsls3MiVPvtnOh6kgb6.WQNWpg5UEvLHyfh8V83Wpns.'),
    (8, 'Pavlova_Ekaterina', '$2a$10$f831X/mZRGsls3MiVPvtnOh6kgb6.WQNWpg5UEvLHyfh8V83Wpns.'),
    (9, 'Kiseleva_Evgeniya', '$2a$10$f831X/mZRGsls3MiVPvtnOh6kgb6.WQNWpg5UEvLHyfh8V83Wpns.'),
    (10, 'Ivanova_Karolina', '$2a$10$f831X/mZRGsls3MiVPvtnOh6kgb6.WQNWpg5UEvLHyfh8V83Wpns.'),
    (11, 'Gavrilova_Anastasiya', '$2a$10$f831X/mZRGsls3MiVPvtnOh6kgb6.WQNWpg5UEvLHyfh8V83Wpns.'),
    (12, 'Ovchinnikova_Arina', '$2a$10$f831X/mZRGsls3MiVPvtnOh6kgb6.WQNWpg5UEvLHyfh8V83Wpns.'),
    (13, 'Komarova_Margarita', '$2a$10$f831X/mZRGsls3MiVPvtnOh6kgb6.WQNWpg5UEvLHyfh8V83Wpns.'),
    (14, 'Dobrynin_Vladislav', '$2a$10$f831X/mZRGsls3MiVPvtnOh6kgb6.WQNWpg5UEvLHyfh8V83Wpns.'),
    (15, 'grace_lee', '$2a$10$f831X/mZRGsls3MiVPvtnOh6kgb6.WQNWpg5UEvLHyfh8V83Wpns.');

SELECT setval('users_seq', (SELECT MAX(id) FROM users));



INSERT INTO skill_categories (id, name, color)
VALUES
    (1, 'Backend', '#059669'),
    (2, 'Frontend', '#2563EB'),
    (3, 'DevOps', '#6366F1'),
    (4, 'Design', '#D946EF'),
    (5, 'Analysis', '#EAB308'),
    (6, 'Teamlead', '#A855F7');

SELECT setval('skill_categories_seq', (SELECT MAX(id) FROM skill_categories));



INSERT INTO users_info (id, main_skill_category_id, email, first_name, middle_name, last_name, course_number, education)
VALUES
    (1, 1, 'kuzmina@gmail.com', 'Анастасия', 'Тимофеевна', 'Кузьмина', 1, 'BACCALAUREATE'),
    (2, 2, 'novikov@gmail.com', 'Евгений', 'Владимирович', 'Новиков', 2, 'BACCALAUREATE'),
    (3, 4, 'popov@gmail.com', 'Лев', 'Платонович', 'Попов', 3, 'BACCALAUREATE'),
    (4, 5, 'nazarov@gmail.com', 'Александр', 'Стефанович', 'Назаров', 3, 'BACCALAUREATE'),
    (5, 6, 'filatova@gmail.com', 'Александра', 'Вадимовна', 'Филатова', 1, 'BACCALAUREATE'),
    (6, 1, 'vorobev@gmail.com', 'Мирослава', 'Ярославовна', 'Воробьева', 2, 'BACCALAUREATE'),
    (7, 2, 'lapin@gmail.com', 'Максим', 'Владимирович', 'Лапин', 2, 'BACCALAUREATE'),
    (8, 3, 'pavlova@gmail.com', 'Екатерина', 'Михайловна', 'Павлова', 3, 'BACCALAUREATE'),
    (9, 4, 'kisileva@gmail.com', 'Евгения', 'Павловна', 'Киселева', 4, 'BACCALAUREATE'),
    (10, 6, 'ivanova@gmail.com', 'Каролина', 'Яновна', 'Иванова', 2, 'BACCALAUREATE'),
    (11, 1, 'gavrilova@gmail.com', 'Анастасия', 'Максимовна', 'Гаврилова', 4, 'SPECIALTY'),
    (12, 2, 'ovchinnikova@gmail.com', 'Арина', 'Максимовна', 'Овчинникова', 3, 'SPECIALTY'),
    (13, 3, 'komarova@gmail.com', 'Маргарита', 'Давидовна', 'Комарова', 4, 'SPECIALTY'),
    (14, 3, 'dobrinin@gmail.com', 'Владислав', 'Мирославович', 'Добрынин', 5, 'SPECIALTY'),
    (15, 6, 'andreeva@gmail.com', 'Эмилия', 'Дмитриевна', 'Андреева', 3, 'SPECIALTY');




INSERT INTO roles (id, name)
VALUES
    (1, 'ROLE_USER'),
    (2, 'ROLE_ADMIN');

SELECT setval('roles_seq', (SELECT MAX(id) FROM roles));



INSERT INTO users_roles (id, user_id, role_id)
VALUES
    (1, 1, 1),
    (2, 2, 1),
    (3, 3, 1),
    (4, 4, 1),
    (5, 5, 1),
    (6, 6, 1),
    (7, 7, 1),
    (8, 8, 1),
    (9, 9, 1),
    (10, 10, 1),
    (11, 11, 1),
    (12, 12, 1),
    (13, 13, 1),
    (14, 14, 1),
    (15, 15, 1);

SELECT setval('users_roles_seq', (SELECT MAX(id) FROM users_roles));



INSERT INTO skills (id, skill_category_id, name, is_necessary)
VALUES
    (1, 1, 'Архитектура backend-сервисов', TRUE),
    (2, 1, 'Проектирование REST API', TRUE),
    (3, 1, 'Проектирование GraphQL API', TRUE),
    (4, 1, 'SQL и оптимизация запросов', TRUE),
    (5, 1, 'Асинхронное программирование', TRUE),
    (6, 1, 'Авторизация и аутентификация', TRUE),
    (8, 1, 'Кеширование и хранение сессий', TRUE),
    (9, 1, 'Swagger / OpenAPI', TRUE),
    (10, 1, 'Юнит и интеграционное тестирование', TRUE),
    (12, 1, 'Обработка ошибок и отказоустойчивость', TRUE),
    (13, 1, 'Работа с внешними API и интеграциями', TRUE),
    (14, 1, 'Контроль версий API', TRUE),
    (15, 1, 'Работа с файлами и потоками данных', TRUE),
    (16, 1, 'Техническая документация backend-систем', TRUE),
    (17, 1, 'Проектирование и нормализация баз данных', TRUE),
    (18, 1, 'Python', FALSE),
    (19, 1, 'Django', FALSE),
    (20, 1, 'FastAPI', FALSE),
    (21, 1, 'Flask', FALSE),
    (22, 1, 'Node.js', FALSE),
    (23, 1, 'Express', FALSE),
    (24, 1, 'Nest.js', FALSE),
    (25, 1, 'Java', FALSE),
    (26, 1, 'Spring', FALSE),
    (27, 1, 'Spring Boot', FALSE),
    (28, 1, 'Spring Security', FALSE),
    (29, 1, 'Spring Cloud', FALSE),
    (30, 1, 'Go', FALSE),
    (31, 1, 'Ruby', FALSE),
    (32, 1, 'Rails', FALSE),
    (33, 1, 'PHP', FALSE),
    (34, 1, 'Laravel', FALSE),
    (35, 1, 'Symfony', FALSE),
    (36, 1, 'C#', FALSE),
    (37, 1, '.NET Core', FALSE),
    (38, 1, 'Реляционные БД', FALSE),
    (39, 1, 'PostgreSQL', FALSE),
    (40, 1, 'MySQL', FALSE),
    (41, 1, 'SQLite', FALSE),
    (42, 1, 'MS SQL', FALSE),
    (44, 1, 'MongoDB', FALSE),
    (45, 1, 'Redis', FALSE),
    (46, 1, 'Elasticsearch', FALSE),
    (47, 1, 'NoSQL', FALSE),
    (48, 1, 'REST API', FALSE),
    (49, 1, 'GraphQL', FALSE),
    (50, 1, 'gRPC', FALSE),
    (51, 1, 'WebSockets', FALSE),
    (52, 1, 'Celery', FALSE),
    (53, 1, 'RabbitMQ', FALSE),
    (54, 1, 'Kafka', FALSE),
    (55, 1, 'Sidekiq', FALSE),
    (56, 1, 'OAuth2', FALSE),
    (57, 1, 'JWT', FALSE),
    (58, 1, 'session-based auth', FALSE),
    (59, 1, 'Passport.js', FALSE),
    (60, 1, 'Django Auth', FALSE),
    (61, 1, 'Firebase Auth', FALSE),
    (62, 1, 'Alembic', FALSE),
    (63, 1, 'Liquibase', FALSE),
    (64, 1, 'Flyway', FALSE),
    (65, 1, 'API Versioning', FALSE),
    (66, 1, 'Kotlin', FALSE),
    (67, 1, 'Swift', FALSE),
    (68, 1, 'Elixir', FALSE),
    (69, 1, 'HATEOAS', FALSE),
    (70, 1, 'Firebase', FALSE),
    (71, 2, 'Семантическая верстка', TRUE),
    (72, 2, 'Препроцессоры', TRUE),
    (73, 2, 'Кроссбраузерная и адаптивная верстка', TRUE),
    (74, 2, 'Работа с DOM и событиями', TRUE),
    (75, 2, 'Управление состоянием интерфейса', TRUE),
    (76, 2, 'Разделение логики и представления', TRUE),
    (77, 2, 'работа с API', TRUE),
    (78, 2, 'Работа с формами и валидацией данных', TRUE),
    (79, 2, 'Тестирование интерфейсов', TRUE),
    (80, 2, 'Оптимизация производительности', TRUE),
    (81, 2, 'Инструменты сборки и модульные бандлеры', TRUE),
    (82, 2, 'Понимание основ UI/UX', TRUE),
    (83, 2, 'Работа с макетами и дизайн-системами', TRUE),
    (84, 2, 'Реактивность интерфейсов', TRUE),
    (85, 2, 'Разработка SPA', TRUE),
    (86, 2, 'HTML5', FALSE),
    (87, 2, 'CSS3', FALSE),
    (88, 2, 'JavaScript', FALSE),
    (89, 2, 'TypeScript', FALSE),
    (90, 2, 'JSX', FALSE),
    (91, 2, 'TSX', FALSE),
    (92, 2, 'JSON', FALSE),
    (93, 2, 'Markdown', FALSE),
    (94, 2, 'React', FALSE),
    (95, 2, 'React Router', FALSE),
    (96, 2, 'Redux', FALSE),
    (97, 2, 'Redux Toolkit', FALSE),
    (98, 2, 'Zustand', FALSE),
    (99, 2, 'Vue.js', FALSE),
    (100, 2, 'Vuex', FALSE),
    (101, 2, 'Pinia', FALSE),
    (102, 2, 'Angular', FALSE),
    (103, 2, 'Svelte', FALSE),
    (104, 2, 'Next.js', FALSE),
    (105, 2, 'Nuxt.js', FALSE),
    (106, 2, 'Astro', FALSE),
    (107, 2, 'Solid.js', FALSE),
    (108, 2, 'SCSS', FALSE),
    (109, 2, 'SASS', FALSE),
    (110, 2, 'CSS Modules', FALSE),
    (111, 2, 'Emotion', FALSE),
    (112, 2, 'Tailwind CSS', FALSE),
    (113, 2, 'Bootstrap', FALSE),
    (114, 2, 'Material UI', FALSE),
    (115, 2, 'Chakra UI', FALSE),
    (116, 2, 'Ant Design', FALSE),
    (117, 2, 'Shadcn/ui', FALSE),
    (118, 2, 'Theme UI', FALSE),
    (119, 2, 'Figma to code (Pixel Perfect)', FALSE),
    (120, 2, 'CSS Flexbox', FALSE),
    (121, 2, 'Взаимодействие с REST API', FALSE),
    (122, 2, 'Взаимодействие с GraphQL', FALSE),
    (123, 2, 'Axios', FALSE),
    (124, 2, 'Fetch API', FALSE),
    (125, 2, 'SWR / React Query', FALSE),
    (126, 2, 'Apollo Client', FALSE),
    (127, 2, 'CSS Grid', FALSE),
    (128, 2, 'JSON Schema', FALSE),
    (129, 2, 'Jest', FALSE),
    (130, 2, 'React Testing Library', FALSE),
    (131, 2, 'Cypress', FALSE),
    (132, 2, 'Playwright', FALSE),
    (133, 2, 'Vitest', FALSE),
    (134, 2, 'Mocha / Chai', FALSE),
    (135, 2, 'Storybook', FALSE),
    (136, 2, 'Snapshot-тестирование', FALSE),
    (137, 2, 'TDD (Test Driven Development)', FALSE),
    (138, 2, 'Webpack', FALSE),
    (139, 2, 'Vite', FALSE),
    (140, 2, 'Babel', FALSE),
    (141, 2, 'Rollup', FALSE),
    (142, 2, 'Code splitting', FALSE),
    (143, 2, 'Lazy loading', FALSE),
    (144, 2, 'PWA (Progressive Web App)', FALSE),
    (145, 2, 'Service Workers', FALSE),
    (146, 2, 'Lighthouse Performance Audit', FALSE),
    (147, 2, 'SSR (Server-Side Rendering)', FALSE),
    (148, 2, 'ISR (Incremental Static Regeneration)', FALSE),
    (149, 2, 'ESLint', FALSE),
    (150, 2, 'Prettier', FALSE),
    (151, 2, 'Husky + Lint-staged', FALSE),
    (152, 2, 'NPM / Yarn / PNPM', FALSE),
    (153, 2, 'Postman', FALSE),
    (154, 3, 'Автоматизация процессов разработки и деплоя', TRUE),
    (155, 3, 'Инфраструктура как код (IaC)', TRUE),
    (156, 3, 'Непрерывная интеграция и доставка (CI/CD)', TRUE),
    (157, 3, 'Контейнеризация приложений', TRUE),
    (158, 3, 'Оркестрация контейнеров', TRUE),
    (159, 3, 'Мониторинг и логирование', TRUE),
    (161, 3, 'Обеспечение отказоустойчивости и масштабирования', TRUE),
    (162, 3, 'Настройка виртуальных машин и окружений', TRUE),
    (163, 3, 'Управление конфигурацией серверов', TRUE),
    (164, 3, 'Управление сетевой инфраструктурой и DNS', TRUE),
    (165, 3, 'Безопасность DevOps-процессов', TRUE),
    (166, 3, 'Облачные платформы', TRUE),
    (167, 3, 'Управление правами доступа и ролями', TRUE),
    (168, 3, 'Тестирование инфраструктуры', TRUE),
    (169, 3, 'Обновление и управление зависимостями', TRUE),
    (170, 3, 'Инцидент-менеджмент и алертинг', TRUE),
    (171, 3, 'Работа с Git и системами контроля версий', TRUE),
    (172, 3, 'Скриптование и автоматизация задач', TRUE),
    (173, 3, 'Понимание жизненного цикла разработки ПО', TRUE),
    (174, 3, 'AWS', FALSE),
    (175, 3, 'Google Cloud', FALSE),
    (176, 3, 'Microsoft Azure', FALSE),
    (177, 3, 'Yandex Cloud', FALSE),
    (178, 3, 'Terraform', FALSE),
    (179, 3, 'Pulumi', FALSE),
    (180, 3, 'CloudFormation', FALSE),
    (181, 3, 'Docker', FALSE),
    (182, 3, 'Docker Compose', FALSE),
    (183, 3, 'Kubernetes (K8s)', FALSE),
    (184, 3, 'Helm', FALSE),
    (185, 3, 'Kustomize', FALSE),
    (186, 3, 'Minikube', FALSE),
    (187, 3, 'OpenShift', FALSE),
    (188, 3, 'MicroK8s', FALSE),
    (500, 3, 'Docker Swarm', FALSE),
    (189, 3, 'Container Registry', FALSE),
    (190, 3, 'GitLab CI/CD', FALSE),
    (191, 3, 'GitHub Actions', FALSE),
    (192, 3, 'Jenkins', FALSE),
    (193, 3, 'TeamCity', FALSE),
    (194, 3, 'CircleCI', FALSE),
    (195, 3, 'Bitbucket Pipelines', FALSE),
    (196, 3, 'Argo CD', FALSE),
    (197, 3, 'Tekton', FALSE),
    (198, 3, 'Spinnaker', FALSE),
    (199, 3, 'Ansible', FALSE),
    (200, 3, 'Packer', FALSE),
    (201, 3, 'Chef', FALSE),
    (202, 3, 'Puppet', FALSE),
    (203, 3, 'Vagrant', FALSE),
    (204, 3, 'SaltStack', FALSE),
    (205, 3, 'Prometheus', FALSE),
    (206, 3, 'Grafana', FALSE),
    (207, 3, 'ELK stack (Elasticsearch, Logstash, Kibana)', FALSE),
    (208, 3, 'EFK stack (Elasticsearch, Fluentd, Kibana)', FALSE),
    (209, 3, 'Loki', FALSE),
    (210, 3, 'Sentry', FALSE),
    (211, 3, 'Alertmanager', FALSE),
    (212, 3, 'Zabbix', FALSE),
    (213, 3, 'Nagios', FALSE),
    (214, 3, 'Jaeger', FALSE),
    (215, 3, 'OpenTelemetry', FALSE),
    (216, 3, 'Zipkin', FALSE),
    (217, 3, 'HashiCorp Vault', FALSE),
    (218, 3, 'Open Policy Agent (OPA)', FALSE),
    (219, 3, 'SSL/TLS сертификаты', FALSE),
    (220, 3, 'Let''s Encrypt', FALSE),
    (221, 3, 'RBAC / ABAC в Kubernetes', FALSE),
    (222, 3, 'Secrets management (Kubernetes, CI/CD)', FALSE),
    (223, 3, 'Git', FALSE),
    (224, 3, 'Bash', FALSE),
    (225, 3, 'PowerShell', FALSE),
    (226, 3, 'Makefile', FALSE),
    (227, 3, 'JQ', FALSE),
    (228, 3, 'YQ', FALSE),
    (229, 3, 'Curl', FALSE),
    (230, 3, 'Netcat', FALSE),
    (231, 3, 'Nmap', FALSE),
    (232, 3, 'Telnet', FALSE),
    (233, 3, 'traceroute', FALSE),
    (234, 3, 'NGINX', FALSE),
    (235, 3, 'Apache', FALSE),
    (236, 3, 'Artifactory', FALSE),
    (237, 3, 'Nexus', FALSE),
    (238, 3, 'Настройка DNS', FALSE),
    (239, 3, 'Работа с VPN и прокси', FALSE),
    (240, 3, 'Настройка NAT и firewall (iptables, ufw)', FALSE),
    (241, 3, 'Балансировка нагрузки', FALSE),
    (242, 3, 'Обновление ядра', FALSE),
    (243, 3, 'systemd', FALSE),
    (244, 3, 'cron', FALSE),
    (245, 3, 'Filesystem tuning', FALSE),
    (246, 3, 'inodes', FALSE),
    (247, 3, 'Настройка резервного копирования', FALSE),
    (248, 3, 'rsync', FALSE),
    (249, 3, 'duplicity', FALSE),
    (250, 3, 'borg', FALSE),
    (251, 1, 'ORM', FALSE),
    (252, 1, 'Hibernate', FALSE),
    (253, 1, 'JDBC', FALSE),
    (254, 1, 'JDBC Template', FALSE),
    (255, 4, 'Визуальный дизайн интерфейсов', TRUE),
    (256, 4, 'Проектирование пользовательского опыта (UX Design)', TRUE),
    (257, 4, 'Прототипирование', TRUE),
    (258, 4, 'Работа с сетками и композицией', TRUE),
    (259, 4, 'Цвет, типографика, контраст', TRUE),
    (260, 4, 'Дизайн под разные разрешения и устройства (Responsive Design)', TRUE),
    (261, 4, 'Адаптация под платформы (iOS / Android / Web)', TRUE),
    (262, 4, 'Работа с дизайн-системами и UI-китами', TRUE),
    (263, 4, 'Создание и поддержка дизайн-документации', TRUE),
    (264, 4, 'Интерактивность и микровзаимодействия', TRUE),
    (265, 4, 'Юзабилити-тестирование и анализ', TRUE),
    (266, 4, 'Понимание целей бизнеса и метрик', TRUE),
    (267, 4, 'Навыки UX-исследований (Research)', TRUE),
    (268, 4, 'Дизайн-мышление и эмпатия', TRUE),
    (269, 4, 'Создание иконок и иллюстраций', TRUE),
    (270, 4, 'Работа с текстами (UX writing / microcopy)', TRUE),
    (271, 4, 'Креативность и насмотренность', TRUE),
    (272, 4, 'User-Centered Design (UCD)', FALSE),
    (273, 4, 'Design Thinking', FALSE),
    (274, 4, 'Customer Journey Mapping (CJM)', FALSE),
    (275, 4, 'User Flow Design', FALSE),
    (276, 4, 'Wireframing', FALSE),
    (277, 4, 'High-fidelity Prototyping', FALSE),
    (278, 4, 'Low-fidelity Prototyping', FALSE),
    (279, 4, 'UX Research', FALSE),
    (280, 4, 'A/B тестирование', FALSE),
    (281, 4, 'UX Copywriting', FALSE),
    (282, 4, 'UX Writing / Microcopy', FALSE),
    (283, 4, 'Heuristic Evaluation', FALSE),
    (284, 4, 'Usability Testing', FALSE),
    (285, 4, 'Accessibility (WCAG)', FALSE),
    (286, 4, 'Responsive Design', FALSE),
    (287, 4, 'Mobile-First Design', FALSE),
    (288, 4, 'Pixel Perfect', FALSE),
    (289, 4, 'Atomic Design', FALSE),
    (290, 4, 'Design Systems', FALSE),
    (291, 4, 'UI Kit Creation', FALSE),
    (292, 4, 'Component-based Design', FALSE),
    (293, 4, 'Motion Design для интерфейсов', FALSE),
    (294, 4, 'Microinteractions', FALSE),
    (295, 4, 'Information Architecture (IA)', FALSE),
    (296, 4, 'Figma', FALSE),
    (297, 4, 'FigJam', FALSE),
    (298, 4, 'Adobe XD', FALSE),
    (299, 4, 'Sketch', FALSE),
    (300, 4, 'InVision', FALSE),
    (301, 4, 'Zeplin', FALSE),
    (302, 4, 'Axure RP', FALSE),
    (303, 4, 'Principle', FALSE),
    (304, 4, 'Framer', FALSE),
    (305, 4, 'ProtoPie', FALSE),
    (306, 4, 'Webflow', FALSE),
    (308, 4, 'Adobe Photoshop', FALSE),
    (309, 4, 'Adobe Illustrator', FALSE),
    (310, 4, 'Adobe After Effects', FALSE),
    (311, 4, 'Передача макетов', FALSE),
    (312, 4, 'Автоспеки и компоненты', FALSE),
    (313, 4, 'Создание и экспорт SVG / PNG / иконок', FALSE),
    (314, 4, 'Использование tokens / variables в Figma', FALSE),
    (315, 4, 'Работа с UX-метриками (NPS, CSAT, TTR)', FALSE),
    (316, 4, 'Анализ поведения', FALSE),
    (317, 4, 'Продуктовая аналитика', FALSE),
    (320, 4, 'Интерпретация A/B тестов', FALSE),
    (321, 4, 'Conversion Rate Optimization (CRO)', FALSE),
    (322, 4, 'Поддержка единого UI в продукте', FALSE),
    (323, 4, 'Работа с внутренними библиотеками компонентов', FALSE),
    (324, 4, 'Создание брендовых гайдлайнов', FALSE),
    (325, 4, 'Прототипирование гипотез MVP/MLP', FALSE),
    (327, 5, 'Сбор и анализ требований', TRUE),
    (328, 5, 'Формализация бизнес-процессов', TRUE),
    (329, 5, 'Коммуникация с заказчиком и командой', TRUE),
    (330, 5, 'Аналитическое мышление и структурирование информации', TRUE),
    (331, 5, 'Работа с большими объемами информации', TRUE),
    (332, 5, 'Построение отчетов и визуализация данных', TRUE),
    (333, 5, 'Системное мышление', TRUE),
    (334, 5, 'Моделирование данных и процессов', TRUE),
    (335, 5, 'Формирование технических заданий и спецификаций', TRUE),
    (336, 5, 'Тестирование и валидация гипотез', TRUE),
    (337, 5, 'Оценка влияния изменений', TRUE),
    (338, 5, 'Управление требованиями', TRUE),
    (339, 5, 'Формализация логики и правил обработки данных', TRUE),
    (340, 5, 'Работа с документацией', TRUE),
    (341, 5, 'Работа с BI-системами и отчетностью', TRUE),
    (342, 5, 'Участие в приемке решений', TRUE),
    (343, 5, 'Навыки критического мышления', TRUE),
    (344, 5, 'Ориентация на пользователя', TRUE),
    (345, 5, 'Презентация и аргументация решений', TRUE),
    (346, 5, 'DAX', FALSE),
    (347, 5, 'Power BI', FALSE),
    (348, 5, 'MDX', FALSE),
    (349, 5, 'OLAP', FALSE),
    (350, 5, 'pandas', FALSE),
    (351, 5, 'numpy', FALSE),
    (352, 5, 'R', FALSE),
    (353, 5, 'dplyr', FALSE),
    (354, 5, 'ggplot2', FALSE),
    (355, 5, 'Excel', FALSE),
    (356, 5, 'Power Query', FALSE),
    (357, 5, 'Power Pivot', FALSE),
    (358, 5, 'Google Sheets', FALSE),
    (359, 5, 'Tableau', FALSE),
    (360, 5, 'Qlik Sense', FALSE),
    (361, 5, 'QlikView', FALSE),
    (362, 5, 'Metabase', FALSE),
    (363, 5, 'Apache Superset', FALSE),
    (364, 5, 'Looker Studio', FALSE),
    (365, 5, 'Redash', FALSE),
    (366, 5, 'DataLens', FALSE),
    (367, 5, 'Scikit-learn', FALSE),
    (368, 5, 'Jupyter Notebook', FALSE),
    (369, 5, 'Google Colab', FALSE),
    (370, 5, 'SPSS', FALSE),
    (371, 5, 'SAS', FALSE),
    (372, 5, 'MATLAB', FALSE),
    (373, 5, 'Excel Solver', FALSE),
    (374, 5, 'SQL Profiler', FALSE),
    (375, 5, 'Explain Plan', FALSE),
    (376, 5, 'BPMN 2.0', FALSE),
    (377, 5, 'UML', FALSE),
    (379, 5, 'Activity', FALSE),
    (380, 5, 'Class diagrams', FALSE),
    (381, 5, 'DFD (Data Flow Diagrams)', FALSE),
    (382, 5, 'IDEF0', FALSE),
    (383, 5, 'IDEF3', FALSE),
    (384, 5, 'Value Stream Mapping', FALSE),
    (385, 5, 'SADT', FALSE),
    (386, 5, 'ArchiMate', FALSE),
    (387, 5, 'Bizagi Modeler', FALSE),
    (388, 5, 'Draw.io', FALSE),
    (389, 5, 'Miro', FALSE),
    (390, 5, 'Lucidchart', FALSE),
    (391, 5, 'BRD (Business Requirements Document)', FALSE),
    (392, 5, 'SRS (Software Requirements Specification)', FALSE),
    (393, 5, 'Use Case', FALSE),
    (394, 5, 'User Story', FALSE),
    (395, 5, 'Acceptance Criteria', FALSE),
    (396, 5, 'Traceability Matrix', FALSE),
    (397, 5, 'FSD', FALSE),
    (398, 5, 'ТЗ', FALSE),
    (399, 5, 'Спецификация API', FALSE),
    (400, 5, 'UML-диаграммы для архитектуры', FALSE),
    (401, 5, 'Анализ когорт (Cohort Analysis)', FALSE),
    (402, 5, 'Unit-экономика', FALSE),
    (403, 5, 'RFM-анализ', FALSE),
    (404, 5, 'Retention', FALSE),
    (405, 5, 'Churn', FALSE),
    (406, 5, 'LTV', FALSE),
    (407, 5, 'Funnel Analysis', FALSE),
    (408, 5, 'Hypothesis Testing', FALSE),
    (409, 5, 'Correlation', FALSE),
    (410, 5, 'Regression Analysis', FALSE),
    (412, 5, 'Mixpanel', FALSE),
    (413, 5, 'Amplitude', FALSE),
    (414, 6, 'Архитектурное мышление', TRUE),
    (415, 6, 'Code Review и контроль качества кода', TRUE),
    (416, 6, 'Принятие технических решений', TRUE),
    (417, 6, 'Технический долг и его управление', TRUE),
    (418, 6, 'DevOps-ориентированность', TRUE),
    (419, 6, 'Документирование решений', TRUE),
    (420, 6, 'Планирование и декомпозиция задач', TRUE),
    (421, 6, 'Управление командой разработчиков', TRUE),
    (422, 6, '1-on-1 встречи и обратная связь', TRUE),
    (423, 6, 'Оценка эффективности команды', TRUE),
    (424, 6, 'Onboarding и knowledge sharing', TRUE),
    (425, 6, 'Участие в найме', TRUE),
    (426, 6, 'Менторство и развитие команды', TRUE),
    (427, 6, 'Владение Agile / Scrum / Kanban', TRUE),
    (428, 6, 'Работа с таск-трекерами', TRUE),
    (429, 6, 'Понимание целей бизнеса и продукта', TRUE),
    (430, 6, 'Снижение рисков и инцидентов', TRUE),
    (431, 6, 'Оценка и внедрение новых технологий', TRUE),
    (432, 6, 'Решение конфликтов', TRUE),
    (433, 6, 'Продуктовое мышление', TRUE),
    (434, 6, 'Рост сотрудников', FALSE),
    (435, 6, 'Составление индивидуальных планов развития (IDP)', FALSE),
    (436, 6, 'Наставничество и коучинг', FALSE),
    (437, 6, 'Управление командной мотивацией', FALSE),
    (438, 6, 'Проведение интервью (тех/софт)', FALSE),
    (439, 6, 'Формирование и масштабирование команды', FALSE),
    (440, 6, 'Обратная связь в формате SBI / FEEDBACK', FALSE),
    (441, 6, 'Ведение карьерных треков', FALSE),
    (442, 6, 'Участие в формировании грейдов', FALSE),
    (443, 6, 'Контроль выгорания и перегрузов', FALSE),
    (444, 6, 'Делегирование и контроль задач', FALSE),
    (445, 6, 'Формирование культуры качества кода', FALSE),
    (446, 6, 'Построение Agile-процессов', FALSE),
    (447, 6, 'Управление спринтами и итерациями', FALSE),
    (448, 6, 'Декомпозиция задач и оценка трудозатрат', FALSE),
    (449, 6, 'Организация Grooming / Planning / Demo / Retro', FALSE),
    (450, 6, 'Ведение таск-трекеров', FALSE),
    (451, 6, 'Управление техническим бэклогом', FALSE),
    (452, 6, 'Ведение roadmap и технической стратегии', FALSE),
    (453, 6, 'Внедрение процессов code review', FALSE),
    (454, 6, 'Совместная работа с Product Owner''ом', FALSE),
    (455, 6, 'Участие в формировании требований', FALSE),
    (456, 6, 'Баланс бизнес-приоритетов и технической реализации', FALSE),
    (457, 6, 'Быстрый delivery через технический компромисс', FALSE),
    (458, 6, 'Оценка рисков и планирование релизов', FALSE),
    (459, 6, 'GitFlow', FALSE),
    (460, 6, 'trunk-based development', FALSE),
    (461, 6, 'Jira', FALSE),
    (462, 6, 'Confluence', FALSE),
    (463, 6, 'Slack', FALSE);

SELECT setval('skills_seq', (SELECT MAX(id) FROM skills));



INSERT INTO users_skills (id, user_id, skill_id, rating)
VALUES
    (1, 1, 1, 1),
    (2, 1, 2, 2),
    (3, 1, 3, 3),
    (4, 1, 4, 4),
    (5, 1, 5, 5),
    (6, 1, 6, 6),
    (7, 1, 8, 7),
    (8, 1, 9, 8),
    (9, 1, 10, 9),
    (11, 1, 12, 3),
    (12, 1, 13, 4),
    (13, 1, 14, 5),
    (14, 1, 15, 6),
    (15, 1, 16, 7),
    (16, 1, 17, 8),

    (17, 2, 71, 2),
    (18, 2, 72, 3),
    (19, 2, 73, 4),
    (20, 2, 74, 6),
    (21, 2, 75, 5),
    (22, 2, 76, 7),
    (23, 2, 77, 8),
    (24, 2, 78, 9),
    (25, 2, 79, 8),
    (26, 2, 80, 7),
    (27, 2, 81, 5),
    (28, 2, 82, 4),
    (29, 2, 83, 3),
    (30, 2, 84, 4),
    (31, 2, 85, 5),

    (32, 3, 255, 5),
    (33, 3, 256, 3),
    (34, 3, 257, 4),
    (35, 3, 258, 5),
    (36, 3, 259, 6),
    (37, 3, 260, 7),
    (38, 3, 261, 8),
    (39, 3, 262, 8),
    (40, 3, 263, 3),
    (41, 3, 264, 4),
    (42, 3, 265, 4),
    (43, 3, 266, 1),
    (44, 3, 267, 3),
    (45, 3, 268, 4),
    (46, 3, 269, 5),
    (47, 3, 270, 2),
    (48, 3, 271, 5),

    (49, 4, 327, 5),
    (50, 4, 328, 3),
    (51, 4, 329, 4),
    (52, 4, 330, 5),
    (53, 4, 331, 6),
    (54, 4, 332, 3),
    (55, 4, 333, 3),
    (56, 4, 334, 5),
    (57, 4, 335, 6),
    (58, 4, 336, 7),
    (59, 4, 337, 3),
    (60, 4, 338, 5),
    (61, 4, 339, 2),
    (62, 4, 340, 4),
    (63, 4, 341, 5),
    (64, 4, 342, 6),
    (65, 4, 343, 8),
    (66, 4, 344, 7),
    (67, 4, 345, 1),

    (68, 5, 414, 1),
    (69, 5, 415, 4),
    (70, 5, 416, 5),
    (71, 5, 417, 6),
    (72, 5, 418, 6),
    (73, 5, 419, 7),
    (74, 5, 420, 8),
    (75, 5, 421, 9),
    (76, 5, 422, 6),
    (77, 5, 423, 3),
    (78, 5, 424, 4),
    (79, 5, 425, 5),
    (80, 5, 426, 6),
    (81, 5, 427, 3),
    (82, 5, 428, 3),
    (83, 5, 429, 2),
    (84, 5, 430, 4),
    (85, 5, 431, 5),
    (86, 5, 432, 7),
    (87, 5, 433, 8),

    (88, 6, 1, 3),
    (89, 6, 2, 4),
    (90, 6, 3, 5),
    (91, 6, 4, 6),
    (92, 6, 5, 7),
    (93, 6, 6, 8),
    (94, 6, 8, 9),
    (95, 6, 9, 3),
    (96, 6, 10, 4),
    (98, 6, 12, 6),
    (99, 6, 13, 7),
    (100, 6, 14, 7),
    (101, 6, 15, 6),
    (102, 6, 16, 4),
    (103, 6, 17, 4),

    (104, 7, 71, 5),
    (105, 7, 72, 6),
    (106, 7, 73, 7),
    (107, 7, 74, 8),
    (108, 7, 75, 9),
    (109, 7, 76, 4),
    (110, 7, 77, 5),
    (111, 7, 78, 7),
    (112, 7, 79, 3),
    (113, 7, 80, 5),
    (114, 7, 81, 6),
    (115, 7, 82, 7),
    (116, 7, 83, 4),
    (117, 7, 84, 5),
    (118, 7, 85, 6),

    (252, 8, 154, 4),
    (253, 8, 155, 7),
    (254, 8, 156, 8),
    (255, 8, 157, 9),
    (256, 8, 158, 4),
    (257, 8, 159, 5),
    (259, 8, 161, 7),
    (260, 8, 162, 8),
    (261, 8, 163, 3),
    (262, 8, 164, 5),
    (263, 8, 165, 6),
    (264, 8, 166, 7),
    (265, 8, 167, 8),
    (266, 8, 168, 9),
    (267, 8, 169, 4),
    (268, 8, 170, 2),
    (269, 8, 171, 3),
    (270, 8, 172, 4),
    (271, 8, 173, 5),

    (124, 9, 255, 6),
    (125, 9, 256, 4),
    (126, 9, 257, 3),
    (127, 9, 258, 2),
    (128, 9, 259, 5),
    (129, 9, 260, 6),
    (130, 9, 261, 7),
    (131, 9, 262, 8),
    (132, 9, 263, 9),
    (133, 9, 264, 3),
    (134, 9, 265, 4),
    (135, 9, 266, 5),
    (136, 9, 267, 4),
    (137, 9, 268, 6),
    (138, 9, 269, 7),
    (139, 9, 270, 5),
    (140, 9, 271, 6),

    (141, 10, 414, 5),
    (142, 10, 415, 4),
    (143, 10, 416, 4),
    (144, 10, 417, 3),
    (145, 10, 418, 3),
    (146, 10, 419, 2),
    (147, 10, 420, 1),
    (148, 10, 421, 3),
    (149, 10, 422, 4),
    (150, 10, 423, 5),
    (151, 10, 424, 6),
    (152, 10, 425, 7),
    (153, 10, 426, 7),
    (154, 10, 427, 4),
    (155, 10, 428, 5),
    (156, 10, 429, 2),
    (157, 10, 430, 3),
    (158, 10, 431, 4),
    (159, 10, 432, 5),
    (160, 10, 433, 5),

    (161, 11, 1, 4),
    (162, 11, 2, 4),
    (163, 11, 3, 3),
    (164, 11, 4, 2),
    (165, 11, 5, 1),
    (166, 11, 6, 7),
    (167, 11, 8, 8),
    (168, 11, 9, 7),
    (169, 11, 10, 6),
    (171, 11, 12, 4),
    (172, 11, 13, 3),
    (173, 11, 14, 4),
    (174, 11, 15, 5),
    (175, 11, 16, 6),
    (176, 11, 17, 7),

    (177, 12, 71, 4),
    (178, 12, 72, 4),
    (179, 12, 73, 3),
    (180, 12, 74, 2),
    (181, 12, 75, 3),
    (182, 12, 76, 5),
    (183, 12, 77, 6),
    (184, 12, 78, 7),
    (185, 12, 79, 8),
    (186, 12, 80, 9),
    (187, 12, 81, 4),
    (188, 12, 82, 2),
    (189, 12, 83, 4),
    (190, 12, 84, 5),
    (191, 12, 85, 4),

    (192, 13, 154, 4),
    (193, 13, 155, 6),
    (194, 13, 156, 5),
    (195, 13, 157, 5),
    (196, 13, 158, 3),
    (197, 13, 159, 5),
    (199, 13, 161, 8),
    (200, 13, 162, 3),
    (201, 13, 163, 4),
    (202, 13, 164, 6),
    (203, 13, 165, 7),
    (204, 13, 166, 9),
    (205, 13, 167, 3),
    (206, 13, 168, 4),
    (207, 13, 169, 5),
    (208, 13, 170, 5),
    (209, 13, 171, 6),
    (210, 13, 172, 4),
    (211, 13, 173, 2),

    (212, 14, 154, 2),
    (213, 14, 155, 3),
    (214, 14, 156, 5),
    (215, 14, 157, 6),
    (216, 14, 158, 7),
    (217, 14, 159, 8),
    (219, 14, 161, 4),
    (220, 14, 162, 5),
    (221, 14, 163, 3),
    (222, 14, 164, 6),
    (223, 14, 165, 4),
    (224, 14, 166, 3),
    (225, 14, 167, 4),
    (226, 14, 168, 6),
    (227, 14, 169, 3),
    (228, 14, 170, 4),
    (229, 14, 171, 5),
    (230, 14, 172, 6),
    (231, 14, 173, 7),

    (232, 15, 414, 3),
    (233, 15, 415, 5),
    (234, 15, 416, 6),
    (235, 15, 417, 7),
    (236, 15, 418, 8),
    (237, 15, 419, 5),
    (238, 15, 420, 3),
    (239, 15, 421, 5),
    (240, 15, 422, 2),
    (241, 15, 423, 3),
    (242, 15, 424, 5),
    (243, 15, 425, 6),
    (244, 15, 426, 7),
    (245, 15, 427, 8),
    (246, 15, 428, 8),
    (247, 15, 429, 4),
    (248, 15, 430, 4),
    (249, 15, 431, 5),
    (250, 15, 432, 6),
    (251, 15, 433, 7);

SELECT setval('users_skills_seq', (SELECT MAX(id) FROM users_skills));


INSERT INTO users_skills (user_id, skill_id, rating)
VALUES
    (1, 71, 0),
    (1, 72, 0),
    (1, 73, 0),
    (1, 74, 0),
    (1, 75, 0),
    (1, 76, 0),
    (1, 77, 0),
    (1, 78, 0),
    (1, 79, 0),
    (1, 80, 0),
    (1, 81, 0),
    (1, 82, 0),
    (1, 83, 0),
    (1, 84, 0),
    (1, 85, 0),

    (1, 154, 0),
    (1, 155, 0),
    (1, 156, 0),
    (1, 157, 0),
    (1, 158, 0),
    (1, 159, 0),
    (1, 161, 0),
    (1, 162, 0),
    (1, 163, 0),
    (1, 164, 0),
    (1, 165, 0),
    (1, 166, 0),
    (1, 167, 0),
    (1, 168, 0),
    (1, 169, 0),
    (1, 170, 0),
    (1, 171, 0),
    (1, 172, 0),
    (1, 173, 0),

    (1, 255, 0),
    (1, 256, 0),
    (1, 257, 0),
    (1, 258, 0),
    (1, 259, 0),
    (1, 260, 0),
    (1, 261, 0),
    (1, 262, 0),
    (1, 263, 0),
    (1, 264, 0),
    (1, 265, 0),
    (1, 266, 0),
    (1, 267, 0),
    (1, 268, 0),
    (1, 269, 0),
    (1, 270, 0),
    (1, 271, 0),

    (1, 327, 0),
    (1, 328, 0),
    (1, 329, 0),
    (1, 330, 0),
    (1, 331, 0),
    (1, 332, 0),
    (1, 333, 0),
    (1, 334, 0),
    (1, 335, 0),
    (1, 336, 0),
    (1, 337, 0),
    (1, 338, 0),
    (1, 339, 0),
    (1, 340, 0),
    (1, 341, 0),
    (1, 342, 0),
    (1, 343, 0),
    (1, 344, 0),
    (1, 345, 0),

    (1, 414, 0),
    (1, 415, 0),
    (1, 416, 0),
    (1, 417, 0),
    (1, 418, 0),
    (1, 419, 0),
    (1, 420, 0),
    (1, 421, 0),
    (1, 422, 0),
    (1, 423, 0),
    (1, 424, 0),
    (1, 425, 0),
    (1, 426, 0),
    (1, 427, 0),
    (1, 428, 0),
    (1, 429, 0),
    (1, 430, 0),
    (1, 431, 0),
    (1, 432, 0),
    (1, 433, 0),

    (2, 1, 0),
    (2, 2, 0),
    (2, 3, 0),
    (2, 4, 0),
    (2, 5, 0),
    (2, 6, 0),
    (2, 8, 0),
    (2, 9, 0),
    (2, 10, 0),
    (2, 12, 0),
    (2, 13, 0),
    (2, 14, 0),
    (2, 15, 0),
    (2, 16, 0),
    (2, 17, 0),

    (2, 154, 0),
    (2, 155, 0),
    (2, 156, 0),
    (2, 157, 0),
    (2, 158, 0),
    (2, 159, 0),
    (2, 161, 0),
    (2, 162, 0),
    (2, 163, 0),
    (2, 164, 0),
    (2, 165, 0),
    (2, 166, 0),
    (2, 167, 0),
    (2, 168, 0),
    (2, 169, 0),
    (2, 170, 0),
    (2, 171, 0),
    (2, 172, 0),
    (2, 173, 0),

    (2, 255, 0),
    (2, 256, 0),
    (2, 257, 0),
    (2, 258, 0),
    (2, 259, 0),
    (2, 260, 0),
    (2, 261, 0),
    (2, 262, 0),
    (2, 263, 0),
    (2, 264, 0),
    (2, 265, 0),
    (2, 266, 0),
    (2, 267, 0),
    (2, 268, 0),
    (2, 269, 0),
    (2, 270, 0),
    (2, 271, 0),

    (2, 327, 0),
    (2, 328, 0),
    (2, 329, 0),
    (2, 330, 0),
    (2, 331, 0),
    (2, 332, 0),
    (2, 333, 0),
    (2, 334, 0),
    (2, 335, 0),
    (2, 336, 0),
    (2, 337, 0),
    (2, 338, 0),
    (2, 339, 0),
    (2, 340, 0),
    (2, 341, 0),
    (2, 342, 0),
    (2, 343, 0),
    (2, 344, 0),
    (2, 345, 0),

    (2, 414, 0),
    (2, 415, 0),
    (2, 416, 0),
    (2, 417, 0),
    (2, 418, 0),
    (2, 419, 0),
    (2, 420, 0),
    (2, 421, 0),
    (2, 422, 0),
    (2, 423, 0),
    (2, 424, 0),
    (2, 425, 0),
    (2, 426, 0),
    (2, 427, 0),
    (2, 428, 0),
    (2, 429, 0),
    (2, 430, 0),
    (2, 431, 0),
    (2, 432, 0),
    (2, 433, 0),

    (3, 1, 0),
    (3, 2, 0),
    (3, 3, 0),
    (3, 4, 0),
    (3, 5, 0),
    (3, 6, 0),
    (3, 8, 0),
    (3, 9, 0),
    (3, 10, 0),
    (3, 12, 0),
    (3, 13, 0),
    (3, 14, 0),
    (3, 15, 0),
    (3, 16, 0),
    (3, 17, 0),

    (3, 71, 0),
    (3, 72, 0),
    (3, 73, 0),
    (3, 74, 0),
    (3, 75, 0),
    (3, 76, 0),
    (3, 77, 0),
    (3, 78, 0),
    (3, 79, 0),
    (3, 80, 0),
    (3, 81, 0),
    (3, 82, 0),
    (3, 83, 0),
    (3, 84, 0),
    (3, 85, 0),

    (3, 154, 0),
    (3, 155, 0),
    (3, 156, 0),
    (3, 157, 0),
    (3, 158, 0),
    (3, 159, 0),
    (3, 161, 0),
    (3, 162, 0),
    (3, 163, 0),
    (3, 164, 0),
    (3, 165, 0),
    (3, 166, 0),
    (3, 167, 0),
    (3, 168, 0),
    (3, 169, 0),
    (3, 170, 0),
    (3, 171, 0),
    (3, 172, 0),
    (3, 173, 0),

    (3, 327, 0),
    (3, 328, 0),
    (3, 329, 0),
    (3, 330, 0),
    (3, 331, 0),
    (3, 332, 0),
    (3, 333, 0),
    (3, 334, 0),
    (3, 335, 0),
    (3, 336, 0),
    (3, 337, 0),
    (3, 338, 0),
    (3, 339, 0),
    (3, 340, 0),
    (3, 341, 0),
    (3, 342, 0),
    (3, 343, 0),
    (3, 344, 0),
    (3, 345, 0),

    (3, 414, 0),
    (3, 415, 0),
    (3, 416, 0),
    (3, 417, 0),
    (3, 418, 0),
    (3, 419, 0),
    (3, 420, 0),
    (3, 421, 0),
    (3, 422, 0),
    (3, 423, 0),
    (3, 424, 0),
    (3, 425, 0),
    (3, 426, 0),
    (3, 427, 0),
    (3, 428, 0),
    (3, 429, 0),
    (3, 430, 0),
    (3, 431, 0),
    (3, 432, 0),
    (3, 433, 0),

    (4, 1, 0),
    (4, 2, 0),
    (4, 3, 0),
    (4, 4, 0),
    (4, 5, 0),
    (4, 6, 0),
    (4, 8, 0),
    (4, 9, 0),
    (4, 10, 0),
    (4, 12, 0),
    (4, 13, 0),
    (4, 14, 0),
    (4, 15, 0),
    (4, 16, 0),
    (4, 17, 0),

    (4, 71, 0),
    (4, 72, 0),
    (4, 73, 0),
    (4, 74, 0),
    (4, 75, 0),
    (4, 76, 0),
    (4, 77, 0),
    (4, 78, 0),
    (4, 79, 0),
    (4, 80, 0),
    (4, 81, 0),
    (4, 82, 0),
    (4, 83, 0),
    (4, 84, 0),
    (4, 85, 0),

    (4, 154, 0),
    (4, 155, 0),
    (4, 156, 0),
    (4, 157, 0),
    (4, 158, 0),
    (4, 159, 0),
    (4, 161, 0),
    (4, 162, 0),
    (4, 163, 0),
    (4, 164, 0),
    (4, 165, 0),
    (4, 166, 0),
    (4, 167, 0),
    (4, 168, 0),
    (4, 169, 0),
    (4, 170, 0),
    (4, 171, 0),
    (4, 172, 0),
    (4, 173, 0),

    (4, 255, 0),
    (4, 256, 0),
    (4, 257, 0),
    (4, 258, 0),
    (4, 259, 0),
    (4, 260, 0),
    (4, 261, 0),
    (4, 262, 0),
    (4, 263, 0),
    (4, 264, 0),
    (4, 265, 0),
    (4, 266, 0),
    (4, 267, 0),
    (4, 268, 0),
    (4, 269, 0),
    (4, 270, 0),
    (4, 271, 0),

    (4, 414, 0),
    (4, 415, 0),
    (4, 416, 0),
    (4, 417, 0),
    (4, 418, 0),
    (4, 419, 0),
    (4, 420, 0),
    (4, 421, 0),
    (4, 422, 0),
    (4, 423, 0),
    (4, 424, 0),
    (4, 425, 0),
    (4, 426, 0),
    (4, 427, 0),
    (4, 428, 0),
    (4, 429, 0),
    (4, 430, 0),
    (4, 431, 0),
    (4, 432, 0),
    (4, 433, 0),

    (5, 1, 0),
    (5, 2, 0),
    (5, 3, 0),
    (5, 4, 0),
    (5, 5, 0),
    (5, 6, 0),
    (5, 8, 0),
    (5, 9, 0),
    (5, 10, 0),
    (5, 12, 0),
    (5, 13, 0),
    (5, 14, 0),
    (5, 15, 0),
    (5, 16, 0),
    (5, 17, 0),

    (5, 71, 0),
    (5, 72, 0),
    (5, 73, 0),
    (5, 74, 0),
    (5, 75, 0),
    (5, 76, 0),
    (5, 77, 0),
    (5, 78, 0),
    (5, 79, 0),
    (5, 80, 0),
    (5, 81, 0),
    (5, 82, 0),
    (5, 83, 0),
    (5, 84, 0),
    (5, 85, 0),

    (5, 154, 0),
    (5, 155, 0),
    (5, 156, 0),
    (5, 157, 0),
    (5, 158, 0),
    (5, 159, 0),
    (5, 161, 0),
    (5, 162, 0),
    (5, 163, 0),
    (5, 164, 0),
    (5, 165, 0),
    (5, 166, 0),
    (5, 167, 0),
    (5, 168, 0),
    (5, 169, 0),
    (5, 170, 0),
    (5, 171, 0),
    (5, 172, 0),
    (5, 173, 0),

    (5, 255, 0),
    (5, 256, 0),
    (5, 257, 0),
    (5, 258, 0),
    (5, 259, 0),
    (5, 260, 0),
    (5, 261, 0),
    (5, 262, 0),
    (5, 263, 0),
    (5, 264, 0),
    (5, 265, 0),
    (5, 266, 0),
    (5, 267, 0),
    (5, 268, 0),
    (5, 269, 0),
    (5, 270, 0),
    (5, 271, 0),

    (5, 327, 0),
    (5, 328, 0),
    (5, 329, 0),
    (5, 330, 0),
    (5, 331, 0),
    (5, 332, 0),
    (5, 333, 0),
    (5, 334, 0),
    (5, 335, 0),
    (5, 336, 0),
    (5, 337, 0),
    (5, 338, 0),
    (5, 339, 0),
    (5, 340, 0),
    (5, 341, 0),
    (5, 342, 0),
    (5, 343, 0),
    (5, 344, 0),
    (5, 345, 0),

    (6, 71, 0),
    (6, 72, 0),
    (6, 73, 0),
    (6, 74, 0),
    (6, 75, 0),
    (6, 76, 0),
    (6, 77, 0),
    (6, 78, 0),
    (6, 79, 0),
    (6, 80, 0),
    (6, 81, 0),
    (6, 82, 0),
    (6, 83, 0),
    (6, 84, 0),
    (6, 85, 0),

    (6, 154, 0),
    (6, 155, 0),
    (6, 156, 0),
    (6, 157, 0),
    (6, 158, 0),
    (6, 159, 0),
    (6, 161, 0),
    (6, 162, 0),
    (6, 163, 0),
    (6, 164, 0),
    (6, 165, 0),
    (6, 166, 0),
    (6, 167, 0),
    (6, 168, 0),
    (6, 169, 0),
    (6, 170, 0),
    (6, 171, 0),
    (6, 172, 0),
    (6, 173, 0),

    (6, 255, 0),
    (6, 256, 0),
    (6, 257, 0),
    (6, 258, 0),
    (6, 259, 0),
    (6, 260, 0),
    (6, 261, 0),
    (6, 262, 0),
    (6, 263, 0),
    (6, 264, 0),
    (6, 265, 0),
    (6, 266, 0),
    (6, 267, 0),
    (6, 268, 0),
    (6, 269, 0),
    (6, 270, 0),
    (6, 271, 0),

    (6, 327, 0),
    (6, 328, 0),
    (6, 329, 0),
    (6, 330, 0),
    (6, 331, 0),
    (6, 332, 0),
    (6, 333, 0),
    (6, 334, 0),
    (6, 335, 0),
    (6, 336, 0),
    (6, 337, 0),
    (6, 338, 0),
    (6, 339, 0),
    (6, 340, 0),
    (6, 341, 0),
    (6, 342, 0),
    (6, 343, 0),
    (6, 344, 0),
    (6, 345, 0),

    (6, 414, 0),
    (6, 415, 0),
    (6, 416, 0),
    (6, 417, 0),
    (6, 418, 0),
    (6, 419, 0),
    (6, 420, 0),
    (6, 421, 0),
    (6, 422, 0),
    (6, 423, 0),
    (6, 424, 0),
    (6, 425, 0),
    (6, 426, 0),
    (6, 427, 0),
    (6, 428, 0),
    (6, 429, 0),
    (6, 430, 0),
    (6, 431, 0),
    (6, 432, 0),
    (6, 433, 0),

    (7, 1, 0),
    (7, 2, 0),
    (7, 3, 0),
    (7, 4, 0),
    (7, 5, 0),
    (7, 6, 0),
    (7, 8, 0),
    (7, 9, 0),
    (7, 10, 0),
    (7, 12, 0),
    (7, 13, 0),
    (7, 14, 0),
    (7, 15, 0),
    (7, 16, 0),
    (7, 17, 0),

    (7, 154, 0),
    (7, 155, 0),
    (7, 156, 0),
    (7, 157, 0),
    (7, 158, 0),
    (7, 159, 0),
    (7, 161, 0),
    (7, 162, 0),
    (7, 163, 0),
    (7, 164, 0),
    (7, 165, 0),
    (7, 166, 0),
    (7, 167, 0),
    (7, 168, 0),
    (7, 169, 0),
    (7, 170, 0),
    (7, 171, 0),
    (7, 172, 0),
    (7, 173, 0),

    (7, 255, 0),
    (7, 256, 0),
    (7, 257, 0),
    (7, 258, 0),
    (7, 259, 0),
    (7, 260, 0),
    (7, 261, 0),
    (7, 262, 0),
    (7, 263, 0),
    (7, 264, 0),
    (7, 265, 0),
    (7, 266, 0),
    (7, 267, 0),
    (7, 268, 0),
    (7, 269, 0),
    (7, 270, 0),
    (7, 271, 0),

    (7, 327, 0),
    (7, 328, 0),
    (7, 329, 0),
    (7, 330, 0),
    (7, 331, 0),
    (7, 332, 0),
    (7, 333, 0),
    (7, 334, 0),
    (7, 335, 0),
    (7, 336, 0),
    (7, 337, 0),
    (7, 338, 0),
    (7, 339, 0),
    (7, 340, 0),
    (7, 341, 0),
    (7, 342, 0),
    (7, 343, 0),
    (7, 344, 0),
    (7, 345, 0),

    (7, 414, 0),
    (7, 415, 0),
    (7, 416, 0),
    (7, 417, 0),
    (7, 418, 0),
    (7, 419, 0),
    (7, 420, 0),
    (7, 421, 0),
    (7, 422, 0),
    (7, 423, 0),
    (7, 424, 0),
    (7, 425, 0),
    (7, 426, 0),
    (7, 427, 0),
    (7, 428, 0),
    (7, 429, 0),
    (7, 430, 0),
    (7, 431, 0),
    (7, 432, 0),
    (7, 433, 0),

    (8, 1, 0),
    (8, 2, 0),
    (8, 3, 0),
    (8, 4, 0),
    (8, 5, 0),
    (8, 6, 0),
    (8, 8, 0),
    (8, 9, 0),
    (8, 10, 0),
    (8, 12, 0),
    (8, 13, 0),
    (8, 14, 0),
    (8, 15, 0),
    (8, 16, 0),
    (8, 17, 0),

    (8, 71, 0),
    (8, 72, 0),
    (8, 73, 0),
    (8, 74, 0),
    (8, 75, 0),
    (8, 76, 0),
    (8, 77, 0),
    (8, 78, 0),
    (8, 79, 0),
    (8, 80, 0),
    (8, 81, 0),
    (8, 82, 0),
    (8, 83, 0),
    (8, 84, 0),
    (8, 85, 0),

    (8, 255, 0),
    (8, 256, 0),
    (8, 257, 0),
    (8, 258, 0),
    (8, 259, 0),
    (8, 260, 0),
    (8, 261, 0),
    (8, 262, 0),
    (8, 263, 0),
    (8, 264, 0),
    (8, 265, 0),
    (8, 266, 0),
    (8, 267, 0),
    (8, 268, 0),
    (8, 269, 0),
    (8, 270, 0),
    (8, 271, 0),

    (8, 327, 0),
    (8, 328, 0),
    (8, 329, 0),
    (8, 330, 0),
    (8, 331, 0),
    (8, 332, 0),
    (8, 333, 0),
    (8, 334, 0),
    (8, 335, 0),
    (8, 336, 0),
    (8, 337, 0),
    (8, 338, 0),
    (8, 339, 0),
    (8, 340, 0),
    (8, 341, 0),
    (8, 342, 0),
    (8, 343, 0),
    (8, 344, 0),
    (8, 345, 0),

    (8, 414, 0),
    (8, 415, 0),
    (8, 416, 0),
    (8, 417, 0),
    (8, 418, 0),
    (8, 419, 0),
    (8, 420, 0),
    (8, 421, 0),
    (8, 422, 0),
    (8, 423, 0),
    (8, 424, 0),
    (8, 425, 0),
    (8, 426, 0),
    (8, 427, 0),
    (8, 428, 0),
    (8, 429, 0),
    (8, 430, 0),
    (8, 431, 0),
    (8, 432, 0),
    (8, 433, 0),

    (9, 1, 0),
    (9, 2, 0),
    (9, 3, 0),
    (9, 4, 0),
    (9, 5, 0),
    (9, 6, 0),
    (9, 8, 0),
    (9, 9, 0),
    (9, 10, 0),
    (9, 12, 0),
    (9, 13, 0),
    (9, 14, 0),
    (9, 15, 0),
    (9, 16, 0),
    (9, 17, 0),

    (9, 71, 0),
    (9, 72, 0),
    (9, 73, 0),
    (9, 74, 0),
    (9, 75, 0),
    (9, 76, 0),
    (9, 77, 0),
    (9, 78, 0),
    (9, 79, 0),
    (9, 80, 0),
    (9, 81, 0),
    (9, 82, 0),
    (9, 83, 0),
    (9, 84, 0),
    (9, 85, 0),

    (9, 154, 0),
    (9, 155, 0),
    (9, 156, 0),
    (9, 157, 0),
    (9, 158, 0),
    (9, 159, 0),
    (9, 161, 0),
    (9, 162, 0),
    (9, 163, 0),
    (9, 164, 0),
    (9, 165, 0),
    (9, 166, 0),
    (9, 167, 0),
    (9, 168, 0),
    (9, 169, 0),
    (9, 170, 0),
    (9, 171, 0),
    (9, 172, 0),
    (9, 173, 0),

    (9, 327, 0),
    (9, 328, 0),
    (9, 329, 0),
    (9, 330, 0),
    (9, 331, 0),
    (9, 332, 0),
    (9, 333, 0),
    (9, 334, 0),
    (9, 335, 0),
    (9, 336, 0),
    (9, 337, 0),
    (9, 338, 0),
    (9, 339, 0),
    (9, 340, 0),
    (9, 341, 0),
    (9, 342, 0),
    (9, 343, 0),
    (9, 344, 0),
    (9, 345, 0),

    (9, 414, 0),
    (9, 415, 0),
    (9, 416, 0),
    (9, 417, 0),
    (9, 418, 0),
    (9, 419, 0),
    (9, 420, 0),
    (9, 421, 0),
    (9, 422, 0),
    (9, 423, 0),
    (9, 424, 0),
    (9, 425, 0),
    (9, 426, 0),
    (9, 427, 0),
    (9, 428, 0),
    (9, 429, 0),
    (9, 430, 0),
    (9, 431, 0),
    (9, 432, 0),
    (9, 433, 0),

    (10, 1, 0),
    (10, 2, 0),
    (10, 3, 0),
    (10, 4, 0),
    (10, 5, 0),
    (10, 6, 0),
    (10, 8, 0),
    (10, 9, 0),
    (10, 10, 0),
    (10, 12, 0),
    (10, 13, 0),
    (10, 14, 0),
    (10, 15, 0),
    (10, 16, 0),
    (10, 17, 0),

    (10, 71, 0),
    (10, 72, 0),
    (10, 73, 0),
    (10, 74, 0),
    (10, 75, 0),
    (10, 76, 0),
    (10, 77, 0),
    (10, 78, 0),
    (10, 79, 0),
    (10, 80, 0),
    (10, 81, 0),
    (10, 82, 0),
    (10, 83, 0),
    (10, 84, 0),
    (10, 85, 0),

    (10, 154, 0),
    (10, 155, 0),
    (10, 156, 0),
    (10, 157, 0),
    (10, 158, 0),
    (10, 159, 0),
    (10, 161, 0),
    (10, 162, 0),
    (10, 163, 0),
    (10, 164, 0),
    (10, 165, 0),
    (10, 166, 0),
    (10, 167, 0),
    (10, 168, 0),
    (10, 169, 0),
    (10, 170, 0),
    (10, 171, 0),
    (10, 172, 0),
    (10, 173, 0),

    (10, 255, 0),
    (10, 256, 0),
    (10, 257, 0),
    (10, 258, 0),
    (10, 259, 0),
    (10, 260, 0),
    (10, 261, 0),
    (10, 262, 0),
    (10, 263, 0),
    (10, 264, 0),
    (10, 265, 0),
    (10, 266, 0),
    (10, 267, 0),
    (10, 268, 0),
    (10, 269, 0),
    (10, 270, 0),
    (10, 271, 0),

    (10, 327, 0),
    (10, 328, 0),
    (10, 329, 0),
    (10, 330, 0),
    (10, 331, 0),
    (10, 332, 0),
    (10, 333, 0),
    (10, 334, 0),
    (10, 335, 0),
    (10, 336, 0),
    (10, 337, 0),
    (10, 338, 0),
    (10, 339, 0),
    (10, 340, 0),
    (10, 341, 0),
    (10, 342, 0),
    (10, 343, 0),
    (10, 344, 0),
    (10, 345, 0),

    (11, 71, 0),
    (11, 72, 0),
    (11, 73, 0),
    (11, 74, 0),
    (11, 75, 0),
    (11, 76, 0),
    (11, 77, 0),
    (11, 78, 0),
    (11, 79, 0),
    (11, 80, 0),
    (11, 81, 0),
    (11, 82, 0),
    (11, 83, 0),
    (11, 84, 0),
    (11, 85, 0),

    (11, 154, 0),
    (11, 155, 0),
    (11, 156, 0),
    (11, 157, 0),
    (11, 158, 0),
    (11, 159, 0),
    (11, 161, 0),
    (11, 162, 0),
    (11, 163, 0),
    (11, 164, 0),
    (11, 165, 0),
    (11, 166, 0),
    (11, 167, 0),
    (11, 168, 0),
    (11, 169, 0),
    (11, 170, 0),
    (11, 171, 0),
    (11, 172, 0),
    (11, 173, 0),

    (11, 255, 0),
    (11, 256, 0),
    (11, 257, 0),
    (11, 258, 0),
    (11, 259, 0),
    (11, 260, 0),
    (11, 261, 0),
    (11, 262, 0),
    (11, 263, 0),
    (11, 264, 0),
    (11, 265, 0),
    (11, 266, 0),
    (11, 267, 0),
    (11, 268, 0),
    (11, 269, 0),
    (11, 270, 0),
    (11, 271, 0),

    (11, 327, 0),
    (11, 328, 0),
    (11, 329, 0),
    (11, 330, 0),
    (11, 331, 0),
    (11, 332, 0),
    (11, 333, 0),
    (11, 334, 0),
    (11, 335, 0),
    (11, 336, 0),
    (11, 337, 0),
    (11, 338, 0),
    (11, 339, 0),
    (11, 340, 0),
    (11, 341, 0),
    (11, 342, 0),
    (11, 343, 0),
    (11, 344, 0),
    (11, 345, 0),

    (11, 414, 0),
    (11, 415, 0),
    (11, 416, 0),
    (11, 417, 0),
    (11, 418, 0),
    (11, 419, 0),
    (11, 420, 0),
    (11, 421, 0),
    (11, 422, 0),
    (11, 423, 0),
    (11, 424, 0),
    (11, 425, 0),
    (11, 426, 0),
    (11, 427, 0),
    (11, 428, 0),
    (11, 429, 0),
    (11, 430, 0),
    (11, 431, 0),
    (11, 432, 0),
    (11, 433, 0),

    (12, 1, 0),
    (12, 2, 0),
    (12, 3, 0),
    (12, 4, 0),
    (12, 5, 0),
    (12, 6, 0),
    (12, 8, 0),
    (12, 9, 0),
    (12, 10, 0),
    (12, 12, 0),
    (12, 13, 0),
    (12, 14, 0),
    (12, 15, 0),
    (12, 16, 0),
    (12, 17, 0),

    (12, 154, 0),
    (12, 155, 0),
    (12, 156, 0),
    (12, 157, 0),
    (12, 158, 0),
    (12, 159, 0),
    (12, 161, 0),
    (12, 162, 0),
    (12, 163, 0),
    (12, 164, 0),
    (12, 165, 0),
    (12, 166, 0),
    (12, 167, 0),
    (12, 168, 0),
    (12, 169, 0),
    (12, 170, 0),
    (12, 171, 0),
    (12, 172, 0),
    (12, 173, 0),

    (12, 255, 0),
    (12, 256, 0),
    (12, 257, 0),
    (12, 258, 0),
    (12, 259, 0),
    (12, 260, 0),
    (12, 261, 0),
    (12, 262, 0),
    (12, 263, 0),
    (12, 264, 0),
    (12, 265, 0),
    (12, 266, 0),
    (12, 267, 0),
    (12, 268, 0),
    (12, 269, 0),
    (12, 270, 0),
    (12, 271, 0),

    (12, 327, 0),
    (12, 328, 0),
    (12, 329, 0),
    (12, 330, 0),
    (12, 331, 0),
    (12, 332, 0),
    (12, 333, 0),
    (12, 334, 0),
    (12, 335, 0),
    (12, 336, 0),
    (12, 337, 0),
    (12, 338, 0),
    (12, 339, 0),
    (12, 340, 0),
    (12, 341, 0),
    (12, 342, 0),
    (12, 343, 0),
    (12, 344, 0),
    (12, 345, 0),

    (12, 414, 0),
    (12, 415, 0),
    (12, 416, 0),
    (12, 417, 0),
    (12, 418, 0),
    (12, 419, 0),
    (12, 420, 0),
    (12, 421, 0),
    (12, 422, 0),
    (12, 423, 0),
    (12, 424, 0),
    (12, 425, 0),
    (12, 426, 0),
    (12, 427, 0),
    (12, 428, 0),
    (12, 429, 0),
    (12, 430, 0),
    (12, 431, 0),
    (12, 432, 0),
    (12, 433, 0),

    (13, 1, 0),
    (13, 2, 0),
    (13, 3, 0),
    (13, 4, 0),
    (13, 5, 0),
    (13, 6, 0),
    (13, 8, 0),
    (13, 9, 0),
    (13, 10, 0),
    (13, 12, 0),
    (13, 13, 0),
    (13, 14, 0),
    (13, 15, 0),
    (13, 16, 0),
    (13, 17, 0),

    (13, 71, 0),
    (13, 72, 0),
    (13, 73, 0),
    (13, 74, 0),
    (13, 75, 0),
    (13, 76, 0),
    (13, 77, 0),
    (13, 78, 0),
    (13, 79, 0),
    (13, 80, 0),
    (13, 81, 0),
    (13, 82, 0),
    (13, 83, 0),
    (13, 84, 0),
    (13, 85, 0),

    (13, 255, 0),
    (13, 256, 0),
    (13, 257, 0),
    (13, 258, 0),
    (13, 259, 0),
    (13, 260, 0),
    (13, 261, 0),
    (13, 262, 0),
    (13, 263, 0),
    (13, 264, 0),
    (13, 265, 0),
    (13, 266, 0),
    (13, 267, 0),
    (13, 268, 0),
    (13, 269, 0),
    (13, 270, 0),
    (13, 271, 0),

    (13, 327, 0),
    (13, 328, 0),
    (13, 329, 0),
    (13, 330, 0),
    (13, 331, 0),
    (13, 332, 0),
    (13, 333, 0),
    (13, 334, 0),
    (13, 335, 0),
    (13, 336, 0),
    (13, 337, 0),
    (13, 338, 0),
    (13, 339, 0),
    (13, 340, 0),
    (13, 341, 0),
    (13, 342, 0),
    (13, 343, 0),
    (13, 344, 0),
    (13, 345, 0),

    (13, 414, 0),
    (13, 415, 0),
    (13, 416, 0),
    (13, 417, 0),
    (13, 418, 0),
    (13, 419, 0),
    (13, 420, 0),
    (13, 421, 0),
    (13, 422, 0),
    (13, 423, 0),
    (13, 424, 0),
    (13, 425, 0),
    (13, 426, 0),
    (13, 427, 0),
    (13, 428, 0),
    (13, 429, 0),
    (13, 430, 0),
    (13, 431, 0),
    (13, 432, 0),
    (13, 433, 0),

    (14, 1, 0),
    (14, 2, 0),
    (14, 3, 0),
    (14, 4, 0),
    (14, 5, 0),
    (14, 6, 0),
    (14, 8, 0),
    (14, 9, 0),
    (14, 10, 0),
    (14, 12, 0),
    (14, 13, 0),
    (14, 14, 0),
    (14, 15, 0),
    (14, 16, 0),
    (14, 17, 0),

    (14, 71, 0),
    (14, 72, 0),
    (14, 73, 0),
    (14, 74, 0),
    (14, 75, 0),
    (14, 76, 0),
    (14, 77, 0),
    (14, 78, 0),
    (14, 79, 0),
    (14, 80, 0),
    (14, 81, 0),
    (14, 82, 0),
    (14, 83, 0),
    (14, 84, 0),
    (14, 85, 0),

    (14, 255, 0),
    (14, 256, 0),
    (14, 257, 0),
    (14, 258, 0),
    (14, 259, 0),
    (14, 260, 0),
    (14, 261, 0),
    (14, 262, 0),
    (14, 263, 0),
    (14, 264, 0),
    (14, 265, 0),
    (14, 266, 0),
    (14, 267, 0),
    (14, 268, 0),
    (14, 269, 0),
    (14, 270, 0),
    (14, 271, 0),

    (14, 327, 0),
    (14, 328, 0),
    (14, 329, 0),
    (14, 330, 0),
    (14, 331, 0),
    (14, 332, 0),
    (14, 333, 0),
    (14, 334, 0),
    (14, 335, 0),
    (14, 336, 0),
    (14, 337, 0),
    (14, 338, 0),
    (14, 339, 0),
    (14, 340, 0),
    (14, 341, 0),
    (14, 342, 0),
    (14, 343, 0),
    (14, 344, 0),
    (14, 345, 0),

    (14, 414, 0),
    (14, 415, 0),
    (14, 416, 0),
    (14, 417, 0),
    (14, 418, 0),
    (14, 419, 0),
    (14, 420, 0),
    (14, 421, 0),
    (14, 422, 0),
    (14, 423, 0),
    (14, 424, 0),
    (14, 425, 0),
    (14, 426, 0),
    (14, 427, 0),
    (14, 428, 0),
    (14, 429, 0),
    (14, 430, 0),
    (14, 431, 0),
    (14, 432, 0),
    (14, 433, 0),

    (15, 1, 0),
    (15, 2, 0),
    (15, 3, 0),
    (15, 4, 0),
    (15, 5, 0),
    (15, 6, 0),
    (15, 8, 0),
    (15, 9, 0),
    (15, 10, 0),
    (15, 12, 0),
    (15, 13, 0),
    (15, 14, 0),
    (15, 15, 0),
    (15, 16, 0),
    (15, 17, 0),

    (15, 71, 0),
    (15, 72, 0),
    (15, 73, 0),
    (15, 74, 0),
    (15, 75, 0),
    (15, 76, 0),
    (15, 77, 0),
    (15, 78, 0),
    (15, 79, 0),
    (15, 80, 0),
    (15, 81, 0),
    (15, 82, 0),
    (15, 83, 0),
    (15, 84, 0),
    (15, 85, 0),

    (15, 154, 0),
    (15, 155, 0),
    (15, 156, 0),
    (15, 157, 0),
    (15, 158, 0),
    (15, 159, 0),
    (15, 161, 0),
    (15, 162, 0),
    (15, 163, 0),
    (15, 164, 0),
    (15, 165, 0),
    (15, 166, 0),
    (15, 167, 0),
    (15, 168, 0),
    (15, 169, 0),
    (15, 170, 0),
    (15, 171, 0),
    (15, 172, 0),
    (15, 173, 0),

    (15, 255, 0),
    (15, 256, 0),
    (15, 257, 0),
    (15, 258, 0),
    (15, 259, 0),
    (15, 260, 0),
    (15, 261, 0),
    (15, 262, 0),
    (15, 263, 0),
    (15, 264, 0),
    (15, 265, 0),
    (15, 266, 0),
    (15, 267, 0),
    (15, 268, 0),
    (15, 269, 0),
    (15, 270, 0),
    (15, 271, 0),

    (15, 327, 0),
    (15, 328, 0),
    (15, 329, 0),
    (15, 330, 0),
    (15, 331, 0),
    (15, 332, 0),
    (15, 333, 0),
    (15, 334, 0),
    (15, 335, 0),
    (15, 336, 0),
    (15, 337, 0),
    (15, 338, 0),
    (15, 339, 0),
    (15, 340, 0),
    (15, 341, 0),
    (15, 342, 0),
    (15, 343, 0),
    (15, 344, 0),
    (15, 345, 0);



INSERT INTO teams (id, name)
VALUES
    (1, 'Команда №1'),
    (2, 'Команда №2'),
    (3, 'Команда №3');

SELECT setval('teams_seq', (SELECT MAX(id) FROM teams));



INSERT INTO team_members (id, team_id, user_id, skill_category_id)
VALUES
    (1, 1, 1, 1),
    (2, 1, 2, 2),
    (3, 1, 3, 4),
    (4, 1, 4, 5),
    (5, 1, 5, 6),
    (6, 2, 6, 1),
    (7, 2, 7, 2),
    (8, 2, 8, 3),
    (9, 2, 9, 4),
    (10, 2, 10, 6),
    (11, 3, 11, 1),
    (12, 3, 12, 2),
    (13, 3, 13, 3),
    (14, 3, 14, 3),
    (15, 3, 15, 6);

SELECT setval('team_members_seq', (SELECT MAX(id) FROM team_members));



INSERT INTO tasks (id, evaluator_member_id, assignee_member_id, lead_member_id, title, description, deadline_completion, status)
VALUES
    (2, 5, 1, 5, 'Разработка микросервиса авторизации', 'Оценка реализации OAuth2 и JWT авторизации, включая безопасность и производительность сервиса', '2024-01-15', 'RATED'),
    (3, 1, 5, 5, 'Управление разработкой микросервиса авторизации', 'Оценка процесса планирования, архитектурных решений и поддержки команды', '2024-01-15', 'RATED'),
    (4, 5, 2, 5, 'Разработка системы аналитики продаж', 'Оценка реализации интерактивных дашбордов с фильтрацией и экспортом данных', '2024-02-01', 'RATED'),
    (5, 2, 5, 5, 'Управление разработкой системы аналитики', 'Оценка организации процесса разработки и взаимодействия с аналитиками', '2024-02-01', 'RATED'),
    (6, 5, 3, 5, 'Редизайн главной страницы маркетплейса', 'Оценка обновления дизайна с учетом A/B-тестирования и отзывов пользователей', '2024-02-15', 'RATED'),
    (7, 3, 5, 5, 'Управление процессом редизайна', 'Оценка координации между дизайном, разработкой и маркетингом', '2024-02-15', 'RATED'),

    (9, 5, 1, 5, 'Оптимизация производительности API платежного сервиса', 'Оценка оптимизации SQL-запросов, кеширования и масштабирования микросервиса обработки платежей', '2025-12-31', 'IN_WAITING'),
    (10, 1, 5, 5, 'Управление оптимизацией API платежного сервиса', 'Оценка организации процесса оптимизации, предоставления ресурсов и технической поддержки команды', '2025-12-31', 'IN_WAITING'),
    (11, 5, 1, 5, 'Интеграция платформы с внешним API службы доставки', 'Оценка реализации интеграционного сервиса с API Яндекс.Доставки, включая обработку ошибок и retry-механизмы', '2025-12-31', 'IN_WAITING'),
    (12, 1, 5, 5, 'Координация интеграции с внешними сервисами', 'Оценка процесса согласования интеграции, документации и управления рисками', '2025-12-31', 'IN_WAITING'),

    (13, 5, 2, 5, 'Разработка системы управления заказами', 'Оценка реализации интерфейса администратора с drag-n-drop канбан-доской и real-time обновлениями', '2025-12-31', 'IN_WAITING'),
    (14, 2, 5, 5, 'Организация разработки системы управления заказами', 'Оценка процесса планирования, распределения задач и контроля качества реализации', '2025-12-31', 'IN_WAITING'),
    (15, 5, 2, 5, 'Оптимизация производительности клиентского приложения', 'Оценка оптимизации бандла, внедрения code-splitting и lazy loading для ускорения загрузки приложения', '2025-12-31', 'IN_WAITING'),
    (16, 2, 5, 5, 'Управление процессом оптимизации клиентского приложения', 'Оценка приоритизации задач оптимизации и поддержки команды в решении технических проблем', '2025-12-31', 'IN_WAITING'),

    (17, 5, 3, 5, 'Редизайн мобильной версии личного кабинета', 'Оценка обновленного UX/UI дизайна с учетом пользовательских исследований и метрик', '2025-12-31', 'IN_WAITING'),
    (18, 3, 5, 5, 'Управление процессом редизайна мобильной версии', 'Оценка организации пользовательских исследований и координации с разработкой', '2025-12-31', 'IN_WAITING'),
    (19, 5, 3, 5, 'Разработка дизайн-системы для мобильных приложений', 'Оценка создания унифицированной системы компонентов и стилей для iOS и Android приложений', '2025-12-31', 'IN_WAITING'),
    (20, 3, 5, 5, 'Координация разработки дизайн-системы', 'Оценка процесса стандартизации дизайна и внедрения компонентного подхода', '2025-12-31', 'IN_WAITING'),

    (21, 5, 4, 5, 'Анализ воронки регистрации пользователей', 'Оценка проведенного анализа и предложенных улучшений для увеличения конверсии регистрации', '2025-12-31', 'IN_WAITING'),
    (22, 4, 5, 5, 'Организация процесса анализа метрик', 'Оценка постановки целей анализа и поддержки в получении данных', '2025-12-31', 'IN_WAITING'),
    (23, 5, 4, 5, 'Формирование требований для модуля аналитики', 'Оценка подготовленной документации и прототипов для новой системы бизнес-аналитики', '2025-12-31', 'IN_WAITING'),
    (24, 4, 5, 5, 'Управление сбором требований для аналитического модуля', 'Оценка координации между бизнесом и разработкой при формировании требований', '2025-12-31', 'IN_WAITING'),


    (25, 10, 7, 10, 'Разработка компонентов дашборда аналитики', 'Оценка реализации интерактивных графиков и фильтров с использованием React и D3.js', '2025-02-20', 'RATED'),
    (26, 7, 10, 10, 'Управление разработкой аналитического дашборда', 'Оценка процесса проектирования и внедрения аналитических инструментов', '2025-02-20', 'RATED'),
    (27, 10, 6, 10, 'Внедрение системы поиска по каталогу', 'Оценка реализации полнотекстового поиска с использованием Elasticsearch', '2025-03-01', 'RATED'),
    (28, 6, 10, 10, 'Управление внедрением поисковой системы', 'Оценка выбора технологий и организации процесса индексации данных', '2025-03-01', 'RATED'),
    (29, 10, 8, 10, 'Миграция на Kubernetes', 'Оценка процесса контейнеризации и настройки оркестрации микросервисов', '2025-03-15', 'RATED'),
    (30, 8, 10, 10, 'Управление миграцией инфраструктуры', 'Оценка планирования миграции и обучения команды работе с Kubernetes', '2025-03-15', 'RATED'),

    (31, 10, 6, 10, 'Разработка сервиса рекомендаций товаров', 'Оценка реализации алгоритма персонализированных рекомендаций на основе истории покупок', '2025-12-31', 'IN_WAITING'),
    (32, 6, 10, 10, 'Управление разработкой рекомендательной системы', 'Оценка процесса исследования алгоритмов и внедрения ML-моделей', '2025-12-31', 'IN_WAITING'),
    (33, 10, 6, 10, 'Внедрение системы очередей сообщений', 'Оценка реализации асинхронной обработки заказов с использованием RabbitMQ', '2025-12-31', 'IN_WAITING'),
    (34, 6, 10, 10, 'Координация внедрения очередей сообщений', 'Оценка планирования архитектуры и управления переходом на асинхронную обработку', '2025-12-31', 'IN_WAITING'),

    (35, 10, 7, 10, 'Разработка редактора email-шаблонов', 'Оценка реализации визуального конструктора email-рассылок с preview режимом', '2025-12-31', 'IN_WAITING'),
    (36, 7, 10, 10, 'Управление разработкой редактора шаблонов', 'Оценка организации процесса разработки и тестирования визуального редактора', '2025-12-31', 'IN_WAITING'),
    (37, 10, 7, 10, 'Интеграция системы аналитики', 'Оценка внедрения Google Analytics 4 и настройки пользовательских событий', '2025-12-31', 'IN_WAITING'),
    (38, 7, 10, 10, 'Координация внедрения аналитики', 'Оценка определения метрик и организации сбора данных', '2025-12-31', 'IN_WAITING'),

    (39, 10, 8, 10, 'Миграция баз данных на managed-решение', 'Оценка процесса миграции PostgreSQL на Amazon RDS с минимальным простоем', '2025-12-31', 'IN_WAITING'),
    (40, 8, 10, 10, 'Управление процессом миграции баз данных', 'Оценка планирования миграции и минимизации рисков простоя', '2025-12-31', 'IN_WAITING'),
    (41, 10, 8, 10, 'Настройка мониторинга микросервисов', 'Оценка внедрения Prometheus и Grafana для отслеживания метрик сервисов', '2025-12-31', 'IN_WAITING'),
    (42, 8, 10, 10, 'Координация внедрения системы мониторинга', 'Оценка определения ключевых метрик и организации оповещений', '2025-12-31', 'IN_WAITING'),

    (43, 10, 9, 10, 'Разработка дизайна email-рассылок', 'Оценка создания адаптивных шаблонов для транзакционных и маркетинговых рассылок', '2025-12-31', 'IN_WAITING'),
    (44, 9, 10, 10, 'Управление дизайном рассылок', 'Оценка координации с маркетингом и разработкой шаблонов рассылок', '2025-12-31', 'IN_WAITING'),
    (45, 10, 9, 10, 'Обновление дизайна страницы оформления заказа', 'Оценка оптимизации процесса checkout для увеличения конверсии', '2025-12-31', 'IN_WAITING'),
    (46, 9, 10, 10, 'Координация редизайна процесса оформления заказа', 'Оценка организации A/B-тестирования и анализа пользовательского поведения', '2025-12-31', 'IN_WAITING'),


    (47, 15, 13, 15, 'Настройка CI/CD пайплайна для микросервисов', 'Оценка реализации автоматизированного развертывания с использованием GitLab CI и Kubernetes', '2025-03-10', 'RATED'),
    (48, 13, 15, 15, 'Управление внедрением CI/CD процессов', 'Оценка организации автоматизации и стандартизации процесса развертывания', '2025-03-10', 'RATED'),
    (49, 15, 11, 15, 'Разработка платежного шлюза', 'Оценка реализации интеграции с платежными системами и обработки транзакций', '2025-03-20', 'RATED'),
    (50, 11, 15, 15, 'Управление разработкой платежной системы', 'Оценка обеспечения безопасности и надежности платежного процесса', '2025-03-20', 'RATED'),
    (51, 15, 12, 15, 'Разработка мобильной версии приложения', 'Оценка реализации адаптивного дизайна и оптимизации производительности', '2025-04-01', 'RATED'),
    (52, 12, 15, 15, 'Управление разработкой мобильной версии', 'Оценка организации тестирования и оптимизации под различные устройства', '2025-04-01', 'RATED'),


    (53, 15, 11, 15, 'Разработка системы уведомлений', 'Оценка реализации сервиса push и email уведомлений с поддержкой шаблонов', '2025-12-31', 'IN_WAITING'),
    (54, 11, 15, 15, 'Управление разработкой системы уведомлений', 'Оценка планирования архитектуры и координации интеграции с внешними сервисами', '2025-12-31', 'IN_WAITING'),
    (55, 15, 11, 15, 'Внедрение системы распределенного кеширования', 'Оценка реализации кеширования с использованием Redis Cluster', '2025-12-31', 'IN_WAITING'),
    (56, 11, 15, 15, 'Координация внедрения системы кеширования', 'Оценка выбора решения и планирования масштабирования', '2025-12-31', 'IN_WAITING'),

    (57, 15, 12, 15, 'Разработка виджета онлайн-чата', 'Оценка реализации чата с поддержкой файлов и истории сообщений', '2025-12-31', 'IN_WAITING'),
    (58, 12, 15, 15, 'Управление разработкой чат-виджета', 'Оценка планирования функционала и интеграции с бэкендом', '2025-12-31', 'IN_WAITING'),
    (59, 15, 12, 15, 'Внедрение PWA функциональности', 'Оценка реализации оффлайн-режима и push-уведомлений', '2025-12-31', 'IN_WAITING'),
    (60, 12, 15, 15, 'Координация внедрения PWA', 'Оценка определения требований и тестирования оффлайн-функционала', '2025-12-31', 'IN_WAITING'),

    (61, 15, 13, 15, 'Настройка резервного копирования', 'Оценка реализации системы бэкапов с репликацией в разные регионы', '2025-12-31', 'IN_WAITING'),
    (62, 13, 15, 15, 'Управление системой резервного копирования', 'Оценка стратегии резервного копирования и планирования восстановления', '2025-12-31', 'IN_WAITING'),
    (63, 15, 13, 15, 'Оптимизация работы Kubernetes кластера', 'Оценка настройки автомасштабирования и оптимизации ресурсов', '2025-12-31', 'IN_WAITING'),
    (64, 13, 15, 15, 'Координация оптимизации Kubernetes', 'Оценка планирования ресурсов и управления масштабированием', '2025-12-31', 'IN_WAITING'),

    (65, 15, 14, 15, 'Внедрение service mesh', 'Оценка развертывания Istio для управления трафиком микросервисов', '2025-12-31', 'IN_WAITING'),
    (66, 14, 15, 15, 'Управление внедрением service mesh', 'Оценка выбора решения и планирования миграции сервисов', '2025-12-31', 'IN_WAITING'),
    (67, 15, 14, 15, 'Настройка системы логирования', 'Оценка внедрения ELK-стека для централизованного сбора логов', '2025-12-31', 'IN_WAITING'),
    (68, 14, 15, 15, 'Координация внедрения системы логирования', 'Оценка определения формата логов и настройки мониторинга', '2025-12-31', 'IN_WAITING');

SELECT setval('tasks_seq', (SELECT MAX(id) FROM tasks));


WITH rated_tasks AS (
    SELECT t.id as task_id,
           t.assignee_member_id,
           tm.user_id,
           t.status
    FROM tasks t
             JOIN team_members tm ON t.assignee_member_id = tm.id
    WHERE t.status = 'RATED'
),
     user_skills_to_evaluate AS (
         SELECT rt.task_id,
                us.id as user_skill_id,
                us.rating as target_rating,
                us.user_id
         FROM rated_tasks rt
                  JOIN users_skills us ON rt.user_id = us.user_id
     )
INSERT INTO evaluations (task_id, user_skill_id, evaluation, feedback)
SELECT
    use.task_id,
    use.user_skill_id,
    use.target_rating as evaluation,
    'Auto-generated evaluation to match existing rating' as feedback
FROM user_skills_to_evaluate use
WHERE NOT EXISTS (
    SELECT 1
    FROM evaluations e
    WHERE e.task_id = use.task_id
      AND e.user_skill_id = use.user_skill_id
);

SELECT setval('evaluations_seq', (SELECT COALESCE(MAX(id), 0) FROM evaluations), true);


